{
  "Create patient" : {
    "transaction" : "Create patient",
    "sampleCount" : 250,
    "errorCount" : 116,
    "errorPct" : 46.4,
    "meanResTime" : 1931.3799999999997,
    "medianResTime" : 2018.5,
    "minResTime" : 1158.0,
    "maxResTime" : 2775.0,
    "pct1ResTime" : 2356.3,
    "pct2ResTime" : 2429.8,
    "pct3ResTime" : 2754.4700000000003,
    "throughput" : 61.774153694094394,
    "receivedKBytesPerSec" : 38.394566963182605,
    "sentKBytesPerSec" : 134.5276979861626
  },
  "Get all patients" : {
    "transaction" : "Get all patients",
    "sampleCount" : 250,
    "errorCount" : 250,
    "errorPct" : 100.0,
    "meanResTime" : 5398.519999999997,
    "medianResTime" : 5379.5,
    "minResTime" : 5091.0,
    "maxResTime" : 5786.0,
    "pct1ResTime" : 5619.5,
    "pct2ResTime" : 5651.9,
    "pct3ResTime" : 5688.64,
    "throughput" : 39.488232506713,
    "receivedKBytesPerSec" : 25.36902987284789,
    "sentKBytesPerSec" : 82.71704953798768
  },
  "Total" : {
    "transaction" : "Total",
    "sampleCount" : 1250,
    "errorCount" : 890,
    "errorPct" : 71.2,
    "meanResTime" : 3050.736799999997,
    "medianResTime" : 2562.0,
    "minResTime" : 1158.0,
    "maxResTime" : 5786.0,
    "pct1ResTime" : 5380.700000000001,
    "pct2ResTime" : 5484.25,
    "pct3ResTime" : 5651.98,
    "throughput" : 74.00390740631104,
    "receivedKBytesPerSec" : 45.887163467231076,
    "sentKBytesPerSec" : 164.57197065005033
  },
  "Create Doctor" : {
    "transaction" : "Create Doctor",
    "sampleCount" : 250,
    "errorCount" : 153,
    "errorPct" : 61.2,
    "meanResTime" : 2892.076,
    "medianResTime" : 2878.5,
    "minResTime" : 2008.0,
    "maxResTime" : 3665.0,
    "pct1ResTime" : 3388.5,
    "pct2ResTime" : 3440.35,
    "pct3ResTime" : 3574.5300000000007,
    "throughput" : 66.22516556291392,
    "receivedKBytesPerSec" : 41.28880380794702,
    "sentKBytesPerSec" : 147.77783526490066
  },
  "Create prescription" : {
    "transaction" : "Create prescription",
    "sampleCount" : 250,
    "errorCount" : 239,
    "errorPct" : 95.6,
    "meanResTime" : 2524.4840000000013,
    "medianResTime" : 2151.5,
    "minResTime" : 1405.0,
    "maxResTime" : 4754.0,
    "pct1ResTime" : 4142.6,
    "pct2ResTime" : 4289.9,
    "pct3ResTime" : 4415.070000000001,
    "throughput" : 47.393364928909946,
    "receivedKBytesPerSec" : 31.189277251184834,
    "sentKBytesPerSec" : 118.43712973933648
  },
  "Release drug" : {
    "transaction" : "Release drug",
    "sampleCount" : 250,
    "errorCount" : 132,
    "errorPct" : 52.8,
    "meanResTime" : 2507.224000000001,
    "medianResTime" : 2505.0,
    "minResTime" : 1800.0,
    "maxResTime" : 3011.0,
    "pct1ResTime" : 2819.0,
    "pct2ResTime" : 2871.0,
    "pct3ResTime" : 2944.7400000000002,
    "throughput" : 47.9570305006714,
    "receivedKBytesPerSec" : 26.60603599175139,
    "sentKBytesPerSec" : 101.48719247554192
  }
}