{
  "Create patient" : {
    "transaction" : "Create patient",
    "sampleCount" : 150,
    "errorCount" : 53,
    "errorPct" : 35.333332,
    "meanResTime" : 3976.639999999999,
    "medianResTime" : 3957.0,
    "minResTime" : 3520.0,
    "maxResTime" : 4476.0,
    "pct1ResTime" : 4328.6,
    "pct2ResTime" : 4403.45,
    "pct3ResTime" : 4467.33,
    "throughput" : 33.333333333333336,
    "receivedKBytesPerSec" : 20.512369791666668,
    "sentKBytesPerSec" : 72.59114583333333
  },
  "Get all patients" : {
    "transaction" : "Get all patients",
    "sampleCount" : 150,
    "errorCount" : 53,
    "errorPct" : 35.333332,
    "meanResTime" : 2279.9733333333324,
    "medianResTime" : 2336.0,
    "minResTime" : 1470.0,
    "maxResTime" : 2962.0,
    "pct1ResTime" : 2828.8,
    "pct2ResTime" : 2870.35,
    "pct3ResTime" : 2950.2700000000004,
    "throughput" : 48.764629388816644,
    "receivedKBytesPerSec" : 101.93204445708713,
    "sentKBytesPerSec" : 102.14856449122236
  },
  "Total" : {
    "transaction" : "Total",
    "sampleCount" : 750,
    "errorCount" : 368,
    "errorPct" : 49.066666,
    "meanResTime" : 3230.922666666667,
    "medianResTime" : 2994.0,
    "minResTime" : 1342.0,
    "maxResTime" : 5043.0,
    "pct1ResTime" : 5023.9,
    "pct2ResTime" : 5027.0,
    "pct3ResTime" : 5034.49,
    "throughput" : 44.65880671668453,
    "receivedKBytesPerSec" : 41.520885900470404,
    "sentKBytesPerSec" : 99.31351040550196
  },
  "Create Doctor" : {
    "transaction" : "Create Doctor",
    "sampleCount" : 150,
    "errorCount" : 150,
    "errorPct" : 100.0,
    "meanResTime" : 5023.733333333332,
    "medianResTime" : 5023.5,
    "minResTime" : 5012.0,
    "maxResTime" : 5043.0,
    "pct1ResTime" : 5031.0,
    "pct2ResTime" : 5034.45,
    "pct3ResTime" : 5041.47,
    "throughput" : 24.723916268336904,
    "receivedKBytesPerSec" : 16.09179268996209,
    "sentKBytesPerSec" : 55.170067063622874
  },
  "Create prescription" : {
    "transaction" : "Create prescription",
    "sampleCount" : 150,
    "errorCount" : 57,
    "errorPct" : 38.0,
    "meanResTime" : 2965.5399999999995,
    "medianResTime" : 2994.0,
    "minResTime" : 2300.0,
    "maxResTime" : 3591.0,
    "pct1ResTime" : 3378.7,
    "pct2ResTime" : 3431.75,
    "pct3ResTime" : 3560.9100000000008,
    "throughput" : 40.76086956521739,
    "receivedKBytesPerSec" : 31.455927309782606,
    "sentKBytesPerSec" : 101.86236837635869
  },
  "Release drug" : {
    "transaction" : "Release drug",
    "sampleCount" : 150,
    "errorCount" : 55,
    "errorPct" : 36.666668,
    "meanResTime" : 1908.726666666667,
    "medianResTime" : 1886.0,
    "minResTime" : 1342.0,
    "maxResTime" : 2511.0,
    "pct1ResTime" : 2373.7000000000003,
    "pct2ResTime" : 2420.0,
    "pct3ResTime" : 2504.88,
    "throughput" : 57.959814528593505,
    "receivedKBytesPerSec" : 30.164762847758887,
    "sentKBytesPerSec" : 122.65519344088098
  }
}