{
  "Create patient" : {
    "transaction" : "Create patient",
    "sampleCount" : 100,
    "errorCount" : 4,
    "errorPct" : 4.0,
    "meanResTime" : 1926.1100000000001,
    "medianResTime" : 1896.0,
    "minResTime" : 1719.0,
    "maxResTime" : 2395.0,
    "pct1ResTime" : 2011.3,
    "pct2ResTime" : 2335.0,
    "pct3ResTime" : 2394.77,
    "throughput" : 40.783034257748774,
    "receivedKBytesPerSec" : 24.38538692903752,
    "sentKBytesPerSec" : 88.81461561990213
  },
  "Get all patients" : {
    "transaction" : "Get all patients",
    "sampleCount" : 100,
    "errorCount" : 8,
    "errorPct" : 8.0,
    "meanResTime" : 2302.75,
    "medianResTime" : 2325.5,
    "minResTime" : 1887.0,
    "maxResTime" : 2619.0,
    "pct1ResTime" : 2455.4,
    "pct2ResTime" : 2493.1499999999996,
    "pct3ResTime" : 2618.9,
    "throughput" : 35.1741118536757,
    "receivedKBytesPerSec" : 95.06215925079142,
    "sentKBytesPerSec" : 73.68014641224059
  },
  "Total" : {
    "transaction" : "Total",
    "sampleCount" : 500,
    "errorCount" : 124,
    "errorPct" : 24.8,
    "meanResTime" : 2923.5360000000023,
    "medianResTime" : 2440.0,
    "minResTime" : 1719.0,
    "maxResTime" : 5525.0,
    "pct1ResTime" : 5250.0,
    "pct2ResTime" : 5349.7,
    "pct3ResTime" : 5487.96,
    "throughput" : 32.94024639304302,
    "receivedKBytesPerSec" : 32.898685066539294,
    "sentKBytesPerSec" : 73.25344637327888
  },
  "Create Doctor" : {
    "transaction" : "Create Doctor",
    "sampleCount" : 100,
    "errorCount" : 3,
    "errorPct" : 3.0,
    "meanResTime" : 2406.670000000001,
    "medianResTime" : 2366.5,
    "minResTime" : 1896.0,
    "maxResTime" : 3026.0,
    "pct1ResTime" : 2821.7,
    "pct2ResTime" : 2899.6499999999996,
    "pct3ResTime" : 3025.91,
    "throughput" : 32.59452411994785,
    "receivedKBytesPerSec" : 18.976124511082137,
    "sentKBytesPerSec" : 72.73289806062581
  },
  "Create prescription" : {
    "transaction" : "Create prescription",
    "sampleCount" : 100,
    "errorCount" : 100,
    "errorPct" : 100.0,
    "meanResTime" : 5277.600000000001,
    "medianResTime" : 5250.0,
    "minResTime" : 5113.0,
    "maxResTime" : 5525.0,
    "pct1ResTime" : 5418.3,
    "pct2ResTime" : 5487.8,
    "pct3ResTime" : 5524.8099999999995,
    "throughput" : 17.247326664367023,
    "receivedKBytesPerSec" : 11.200656476371162,
    "sentKBytesPerSec" : 43.10147356847189
  },
  "Release drug" : {
    "transaction" : "Release drug",
    "sampleCount" : 100,
    "errorCount" : 9,
    "errorPct" : 9.0,
    "meanResTime" : 2704.55,
    "medianResTime" : 2672.0,
    "minResTime" : 2081.0,
    "maxResTime" : 3250.0,
    "pct1ResTime" : 2965.8,
    "pct2ResTime" : 3231.649999999999,
    "pct3ResTime" : 3249.95,
    "throughput" : 29.99400119976005,
    "receivedKBytesPerSec" : 13.843520358428314,
    "sentKBytesPerSec" : 63.47363339832034
  }
}