{
  "Create patient" : {
    "transaction" : "Create patient",
    "sampleCount" : 300,
    "errorCount" : 90,
    "errorPct" : 30.0,
    "meanResTime" : 1902.253333333333,
    "medianResTime" : 1888.0,
    "minResTime" : 1210.0,
    "maxResTime" : 4118.0,
    "pct1ResTime" : 2184.8,
    "pct2ResTime" : 2354.25,
    "pct3ResTime" : 3663.5200000000004,
    "throughput" : 46.11837048424289,
    "receivedKBytesPerSec" : 28.24299817448117,
    "sentKBytesPerSec" : 100.43356072252114
  },
  "Get all patients" : {
    "transaction" : "Get all patients",
    "sampleCount" : 300,
    "errorCount" : 202,
    "errorPct" : 67.333336,
    "meanResTime" : 2676.39,
    "medianResTime" : 2668.0,
    "minResTime" : 1528.0,
    "maxResTime" : 3687.0,
    "pct1ResTime" : 3107.8,
    "pct2ResTime" : 3319.5999999999995,
    "pct3ResTime" : 3511.88,
    "throughput" : 56.635831602794035,
    "receivedKBytesPerSec" : 77.80992631442327,
    "sentKBytesPerSec" : 118.63658084764963
  },
  "Total" : {
    "transaction" : "Total",
    "sampleCount" : 1500,
    "errorCount" : 737,
    "errorPct" : 49.133335,
    "meanResTime" : 2519.488666666662,
    "medianResTime" : 2453.0,
    "minResTime" : 243.0,
    "maxResTime" : 4154.0,
    "pct1ResTime" : 3459.8,
    "pct2ResTime" : 3633.0,
    "pct3ResTime" : 3941.9700000000003,
    "throughput" : 106.17214043035108,
    "receivedKBytesPerSec" : 83.20100985188986,
    "sentKBytesPerSec" : 236.10859198046433
  },
  "Create Doctor" : {
    "transaction" : "Create Doctor",
    "sampleCount" : 300,
    "errorCount" : 191,
    "errorPct" : 63.666668,
    "meanResTime" : 2636.996666666666,
    "medianResTime" : 2713.5,
    "minResTime" : 1142.0,
    "maxResTime" : 3458.0,
    "pct1ResTime" : 3276.7000000000003,
    "pct2ResTime" : 3305.9,
    "pct3ResTime" : 3427.9300000000003,
    "throughput" : 80.88433540037745,
    "receivedKBytesPerSec" : 50.57956575222432,
    "sentKBytesPerSec" : 180.4889710838501
  },
  "Create prescription" : {
    "transaction" : "Create prescription",
    "sampleCount" : 300,
    "errorCount" : 119,
    "errorPct" : 39.666668,
    "meanResTime" : 2317.4000000000005,
    "medianResTime" : 2369.0,
    "minResTime" : 243.0,
    "maxResTime" : 3270.0,
    "pct1ResTime" : 2696.8,
    "pct2ResTime" : 2790.35,
    "pct3ResTime" : 3173.6200000000003,
    "throughput" : 48.551545557533586,
    "receivedKBytesPerSec" : 37.30851219857582,
    "sentKBytesPerSec" : 121.33145027512542
  },
  "Release drug" : {
    "transaction" : "Release drug",
    "sampleCount" : 300,
    "errorCount" : 135,
    "errorPct" : 45.0,
    "meanResTime" : 3064.4033333333346,
    "medianResTime" : 3413.0,
    "minResTime" : 1485.0,
    "maxResTime" : 4154.0,
    "pct1ResTime" : 3834.0,
    "pct2ResTime" : 3938.5499999999997,
    "pct3ResTime" : 4097.7300000000005,
    "throughput" : 42.89390906491278,
    "receivedKBytesPerSec" : 23.084798130540463,
    "sentKBytesPerSec" : 90.77255951529884
  }
}