{
  "Create patient" : {
    "transaction" : "Create patient",
    "sampleCount" : 400,
    "errorCount" : 400,
    "errorPct" : 100.0,
    "meanResTime" : 2121.169999999999,
    "medianResTime" : 2093.0,
    "minResTime" : 2023.0,
    "maxResTime" : 2385.0,
    "pct1ResTime" : 2243.7000000000003,
    "pct2ResTime" : 2279.95,
    "pct3ResTime" : 2338.96,
    "throughput" : 73.70554634236225,
    "receivedKBytesPerSec" : 39.73189607517966,
    "sentKBytesPerSec" : 160.51110189791783
  },
  "Get all patients" : {
    "transaction" : "Get all patients",
    "sampleCount" : 400,
    "errorCount" : 305,
    "errorPct" : 76.25,
    "meanResTime" : 5045.875,
    "medianResTime" : 4973.5,
    "minResTime" : 1340.0,
    "maxResTime" : 8928.0,
    "pct1ResTime" : 6031.000000000002,
    "pct2ResTime" : 8174.0,
    "pct3ResTime" : 8851.36,
    "throughput" : 43.50663476180117,
    "receivedKBytesPerSec" : 50.64614150532956,
    "sentKBytesPerSec" : 91.13450348053077
  },
  "Total" : {
    "transaction" : "Total",
    "sampleCount" : 2000,
    "errorCount" : 1808,
    "errorPct" : 90.4,
    "meanResTime" : 2921.1544999999983,
    "medianResTime" : 2324.0,
    "minResTime" : 1160.0,
    "maxResTime" : 8928.0,
    "pct1ResTime" : 5025.0,
    "pct2ResTime" : 5347.649999999999,
    "pct3ResTime" : 8174.0,
    "throughput" : 112.87318697443423,
    "receivedKBytesPerSec" : 77.13901302979852,
    "sentKBytesPerSec" : 251.01056775213047
  },
  "Create Doctor" : {
    "transaction" : "Create Doctor",
    "sampleCount" : 400,
    "errorCount" : 303,
    "errorPct" : 75.75,
    "meanResTime" : 2275.6275000000014,
    "medianResTime" : 2054.0,
    "minResTime" : 1160.0,
    "maxResTime" : 5033.0,
    "pct1ResTime" : 2926.2000000000003,
    "pct2ResTime" : 5020.95,
    "pct3ResTime" : 5030.98,
    "throughput" : 60.87353523055852,
    "receivedKBytesPerSec" : 38.5830614632476,
    "sentKBytesPerSec" : 135.8359648455334
  },
  "Create prescription" : {
    "transaction" : "Create prescription",
    "sampleCount" : 400,
    "errorCount" : 400,
    "errorPct" : 100.0,
    "meanResTime" : 2885.1449999999995,
    "medianResTime" : 2875.5,
    "minResTime" : 2066.0,
    "maxResTime" : 4017.0,
    "pct1ResTime" : 3621.2000000000003,
    "pct2ResTime" : 3733.85,
    "pct3ResTime" : 3871.78,
    "throughput" : 61.68080185042406,
    "receivedKBytesPerSec" : 33.12933693138011,
    "sentKBytesPerSec" : 154.14176946800308
  },
  "Release drug" : {
    "transaction" : "Release drug",
    "sampleCount" : 400,
    "errorCount" : 400,
    "errorPct" : 100.0,
    "meanResTime" : 2277.954999999999,
    "medianResTime" : 2276.5,
    "minResTime" : 2046.0,
    "maxResTime" : 2646.0,
    "pct1ResTime" : 2482.8,
    "pct2ResTime" : 2588.0,
    "pct3ResTime" : 2629.95,
    "throughput" : 73.6377025036819,
    "receivedKBytesPerSec" : 39.982971281296024,
    "sentKBytesPerSec" : 155.83291145066272
  }
}