{
  "Create patient" : {
    "transaction" : "Create patient",
    "sampleCount" : 200,
    "errorCount" : 70,
    "errorPct" : 35.0,
    "meanResTime" : 2817.300000000001,
    "medianResTime" : 2668.5,
    "minResTime" : 1776.0,
    "maxResTime" : 3901.0,
    "pct1ResTime" : 3475.6,
    "pct2ResTime" : 3690.8999999999996,
    "pct3ResTime" : 3827.9700000000003,
    "throughput" : 32.52561392096276,
    "receivedKBytesPerSec" : 20.009287587412587,
    "sentKBytesPerSec" : 70.83214750365913
  },
  "Get all patients" : {
    "transaction" : "Get all patients",
    "sampleCount" : 200,
    "errorCount" : 0,
    "errorPct" : 0.0,
    "meanResTime" : 2048.4200000000005,
    "medianResTime" : 1970.0,
    "minResTime" : 1510.0,
    "maxResTime" : 2635.0,
    "pct1ResTime" : 2523.9,
    "pct2ResTime" : 2549.95,
    "pct3ResTime" : 2607.95,
    "throughput" : 49.333991119881595,
    "receivedKBytesPerSec" : 142.17246854958066,
    "sentKBytesPerSec" : 103.3412216329551
  },
  "Total" : {
    "transaction" : "Total",
    "sampleCount" : 1000,
    "errorCount" : 158,
    "errorPct" : 15.8,
    "meanResTime" : 2570.023000000002,
    "medianResTime" : 2436.0,
    "minResTime" : 1364.0,
    "maxResTime" : 4101.0,
    "pct1ResTime" : 3450.8,
    "pct2ResTime" : 3561.85,
    "pct3ResTime" : 3814.96,
    "throughput" : 65.80246101204185,
    "receivedKBytesPerSec" : 71.39438499374877,
    "sentKBytesPerSec" : 146.33336349279463
  },
  "Create Doctor" : {
    "transaction" : "Create Doctor",
    "sampleCount" : 200,
    "errorCount" : 49,
    "errorPct" : 24.5,
    "meanResTime" : 2924.7249999999995,
    "medianResTime" : 3088.0,
    "minResTime" : 1800.0,
    "maxResTime" : 4101.0,
    "pct1ResTime" : 3662.9,
    "pct2ResTime" : 3803.8999999999996,
    "pct3ResTime" : 3958.2000000000007,
    "throughput" : 45.15692029803568,
    "receivedKBytesPerSec" : 26.972440167080602,
    "sentKBytesPerSec" : 100.76519812598781
  },
  "Create prescription" : {
    "transaction" : "Create prescription",
    "sampleCount" : 200,
    "errorCount" : 0,
    "errorPct" : 0.0,
    "meanResTime" : 2255.8449999999975,
    "medianResTime" : 2311.0,
    "minResTime" : 1364.0,
    "maxResTime" : 2887.0,
    "pct1ResTime" : 2737.4,
    "pct2ResTime" : 2813.95,
    "pct3ResTime" : 2867.91,
    "throughput" : 49.70178926441352,
    "receivedKBytesPerSec" : 42.081495402584494,
    "sentKBytesPerSec" : 124.20593625745526
  },
  "Release drug" : {
    "transaction" : "Release drug",
    "sampleCount" : 200,
    "errorCount" : 39,
    "errorPct" : 19.5,
    "meanResTime" : 2803.825,
    "medianResTime" : 2628.5,
    "minResTime" : 1794.0,
    "maxResTime" : 3577.0,
    "pct1ResTime" : 3457.0,
    "pct2ResTime" : 3509.95,
    "pct3ResTime" : 3565.96,
    "throughput" : 39.01677721420211,
    "receivedKBytesPerSec" : 18.880081325595004,
    "sentKBytesPerSec" : 82.56773068669527
  }
}